TXNID,STARTTIME,ENDTIME,,,,STARTTIME,ENDTIME,SERVICE_NAME,,,,,
,,,,,,,,,,,,,
,,,,,,,,,,,,,
,,,,,,,,,,,,,
SNAPDEAL,POST,NONRSA,,,,,,,,,,,
LGF,23-07-20 03:56:44:676,23-07-20 03:56:44:838,,#VALUE!,,,,,,,,,SvbC-6wVDkYArgAyNTkAAABn
,,,,,,,,,,,,,SvbC-6wVDkYArgAyNTkAAABn
FTESF01,23-07-20 03:56:43:801,23-07-20 03:56:44:480,,,,23-07-20 03:56:44:510,23-07-20 03:56:44:545,SMSService,,,,,SvbC-6wVDkYArgAyNTkAAABn
,,,,,,23-07-20 03:56:43:928,23-07-20 03:56:44:369,FundTransferTransactionApplicationServiceSpi,,,,,SpgEf6wVDkYArgAyNTYAAABt
,,,,,,23-07-20 03:56:44:595,23-07-20 03:56:44:634,SMSService,,,,,Sj9UsqwVDkYArgAyNQ0AAAB0
,,,,,,,,,,,,,Sj9UsqwVDkYArgAyNQ0AAAB0
FCMD01,23-07-20 03:56:37:610,23-07-20 03:56:39:355,,,,23-07-20 03:56:37:718,23-07-20 03:56:39:290,FetchCustomerAndMerchantDetailsApplicationServiceSpiService,,,,,Sj9UsqwVDkYArgAyNQ0AAAB0
,,,,,,,,,,,,,SizQg6wVDkYArgAyNQEAAAB0
LGNXT,23-07-20 03:56:31:758,23-07-20 03:56:32:641,,,,23-07-20 03:56:31:879,23-07-20 03:56:32:069,GetUserReportApplicationServiceSpi,,,,,SizQg6wVDkYArgAyNQEAAAB0
,,,,,,23-07-20 03:56:32:093,23-07-20 03:56:32:270,ValidatePINApplicationServiceSpiService,,,,,SemIuKwVDkYArgAyNMcAAABy
,,,,,,23-07-20 03:56:32:313,23-07-20 03:56:32:529,PartyApplicationServiceSpi,,,,,
VLC01,23-07-20 03:56:30:543,23-07-20 03:56:31:688,,,,23-07-20 03:56:30:759,23-07-20 03:56:31:601,AdaptiveAuthenticationService,,,,,
,,,,,,23-07-20 03:56:31:617,23-07-20 03:56:31:656,SiteToUser,,,,,
EPIPL01,23-07-20 03:56:26:149,23-07-20 03:56:27:926,,,,23-07-20 03:56:27:472,23-07-20 03:56:27:867,MerchantDetailsApplicationServiceSpiService,,,,,
,,,,,,,,,,,,,
,,,,,,,,,,,,,
APONLINE,POST,RSA,,,,,,,,,,,
,,,,,,,,,,,,,
,,,,,,,,,,,,,
,,,,,,,,,,,,,
LGF,23-07-20 04:08:44:575,23-07-20 04:08:44:750,,,,,,,,,,,
XTXFT06,23-07-20 04:08:41:350,23-07-20 04:08:44:311,,,,23-07-20 04:08:44:417,23-07-20 04:08:44:549,SMSService,,,,,dbvi1qwVDkYArgAyOLgAAABs
,,,,,,23-07-20 04:08:44:350,23-07-20 04:08:44:395,SMSService,,,,,dbvi1qwVDkYArgAyOLgAAABs
,,,,,,23-07-20 04:08:43:730,23-07-20 04:08:44:297,AdaptiveAuthenticationService,,,,,dbvi1qwVDkYArgAyOLgAAABs
,,,,,,23-07-20 04:08:42:249,23-07-20 04:08:43:685,FundTransferTransactionApplicationServiceSpi,,,,,dbvi1qwVDkYArgAyOLgAAABs
,,,,,,23-07-20 04:08:41:530,23-07-20 04:08:42:085,AdaptiveAuthenticationService,,,,,dbvi1qwVDkYArgAyOLgAAABs
OTPALTXTXFT06,23-07-20 04:08:34:776,23-07-20 04:08:35:334,,,,23-07-20 04:08:35:266,23-07-20 04:08:35:316,SMSService,,,,,dVdw8awVDkYArgAyOKQAAAB3
XTXFT06,23-07-20 04:08:10:390,23-07-20 04:08:12:242,,,,23-07-20 04:08:12:167,23-07-20 04:08:12:206,SMSService,,,,,c@NwMawVDkYArgAyOJUAAAB3
,,,,,,23-07-20 04:08:11:444,23-07-20 04:08:12:071,AdaptiveAuthenticationService,,,,,c@NwMawVDkYArgAyOJUAAAB3
,,,,,,23-07-20 04:08:10:567,23-07-20 04:08:11:410,AdaptiveAuthenticationService,,,,,c@NwMawVDkYArgAyOJUAAAB3
FCMD01,23-07-20 04:07:59:611,23-07-20 04:08:03:071,,,,23-07-20 04:07:59:721,23-07-20 04:08:02:622,FetchCustomerAndMerchantDetailsApplicationServiceSpiService,,,,,cz7zRqwVDkYArgAyOJIAAAB3
RSALGN,23-07-20 04:07:53:543,23-07-20 04:07:54:948,,,,23-07-20 04:07:53:718,23-07-20 04:07:54:919,AdaptiveAuthenticationService,,,,,cuIqvKwVDkYArgAyOI8AAAB3
LGNXT,23-07-20 04:07:52:494,23-07-20 04:07:53:433,,,,23-07-20 04:07:53:098,23-07-20 04:07:53:344,PartyApplicationServiceSpi,,,,,ctKOx6wVDkYArgAyOI4AAAB3
,,,,,,23-07-20 04:07:52:895,23-07-20 04:07:53:056,ValidatePINApplicationServiceSpiService,,,,,ctKOx6wVDkYArgAyOI4AAAB3
,,,,,,23-07-20 04:07:52:696,23-07-20 04:07:52:871,GetUserReportApplicationServiceSpi,,,,,ctKOx6wVDkYArgAyOI4AAAB3
VLC01,23-07-20 04:07:47:586,23-07-20 04:07:48:705,,,,23-07-20 04:07:48:625,23-07-20 04:07:48:676,SiteToUser,,,,,coeE1awVDkYArgAyOIwAAAB3
,,,,,,23-07-20 04:07:47:867,23-07-20 04:07:48:610,AdaptiveAuthenticationService,,,,,coeE1awVDkYArgAyOIwAAAB3
EPIPL01,23-07-20 04:07:46:835,23-07-20 04:07:47:463,,,,23-07-20 04:07:47:060,23-07-20 04:07:47:436,MerchantDetailsApplicationServiceSpiService,,,,,cnv0SKwVDkYArgAyOIsAAAB3
,,,,,,,,,,,,,
GSTN,enstage,,,,,,,,,,,,
,,,,,,,,,,,,,
LGF,23-07-20 04:51:52:882,23-07-20 04:51:53:037,,,,23-07-20 04:51:52:066,23-07-20 04:51:52:616,UtilityCompanyPaymentApplicationServiceSpiService,ECPrq6wVDkYBLAD6ynwAAAAB,,,,
XTXFT09,23-07-20 04:51:51:888,23-07-20 04:51:52:764,,,,23-07-20 04:51:45:196,23-07-20 04:51:45:227,SMSService,D7mbRKwVDkYBLAD6ymgAAAAN,,,,
XTXFT09,23-07-20 04:51:44:922,23-07-20 04:51:45:241,,,,23-07-20 04:51:40:362,23-07-20 04:51:40:596,FetchCustomerAndMerchantDetailsApplicationServiceSpiService,D3MN9awVDkYBLAD6ylsAAAAK,,,,
FCMGST01,23-07-20 04:51:40:270,23-07-20 04:51:40:659,,,,23-07-20 04:51:34:810,23-07-20 04:51:35:057,PartyApplicationServiceSpi,DxEwNKwVDkYBLAD6ylgAAAAK,,,,
LGNXT,23-07-20 04:51:33:844,23-07-20 04:51:35:193,,,,23-07-20 04:51:34:206,23-07-20 04:51:34:760,ValidatePINApplicationServiceSpiService,DxEwNKwVDkYBLAD6ylgAAAAK,,,,
VLC01,23-07-20 04:51:30:467,23-07-20 04:51:33:629,,,,23-07-20 04:51:33:991,23-07-20 04:51:34:177,GetUserReportApplicationServiceSpi,DxEwNKwVDkYBLAD6ylgAAAAK,,,,
PLGSTN,23-07-20 04:51:28:107,23-07-20 04:51:28:382,,,,23-07-20 04:51:33:559,23-07-20 04:51:33:594,SiteToUser,Dt2neKwVDkYBLAD6ylQAAAAK,,,,
GSTN,23-07-20 04:50:52:428,23-07-20 04:50:52:774,,,,23-07-20 04:51:30:730,23-07-20 04:51:33:544,AdaptiveAuthenticationService,Dt2neKwVDkYBLAD6ylQAAAAK,,,,
,,,,,,23-07-20 04:51:28:190,23-07-20 04:51:28:352,MerchantDetailsApplicationServiceSpiService,Drmdd6wVDkYBLAD6ylAAAAAK,,,,
NSDL,Enstage,,,,,,,,,,,,
,,,,,,,,,,,,,
LGF,23-07-20 04:48:43:379,23-07-20 04:48:43:573,,,,23-07-20 04:48:42:896,23-07-20 04:48:43:143,FundTransferTransactionApplicationServiceSpi,BNzkdawVDkYAkgCeYRMAAACJ,,,,
XTXFT08,23-07-20 04:48:42:673,23-07-20 04:48:43:204,,,,23-07-20 04:48:37:654,23-07-20 04:48:37:801,SMSService,BIxaw6wVDkYAkgCeYMkAAACQ,,,,
XTXFT08,23-07-20 04:48:37:395,23-07-20 04:48:37:816,,,,23-07-20 04:48:26:841,23-07-20 04:48:27:057,FetchCustomerAndMerchantDetailsApplicationServiceSpiService,A@of06wVDkYAkgCeYL0AAACQ,,,,
FCMCBDT01,23-07-20 04:48:26:740,23-07-20 04:48:27:109,,,,23-07-20 04:48:21:643,23-07-20 04:48:21:891,PartyApplicationServiceSpi,A5SM9qwVDkYAkgCeYJ0AAACE,,,,
LGNXT,23-07-20 04:48:21:128,23-07-20 04:48:21:962,,,,23-07-20 04:48:21:459,23-07-20 04:48:21:582,ValidatePINApplicationServiceSpiService,A5SM9qwVDkYAkgCeYJ0AAACE,,,,
VLC01,23-07-20 04:48:19:814,23-07-20 04:48:20:919,,,,23-07-20 04:48:21:266,23-07-20 04:48:21:441,GetUserReportApplicationServiceSpi,A5SM9qwVDkYAkgCeYJ0AAACE,,,,
PLCBDT,23-07-20 04:48:17:043,23-07-20 04:48:17:373,,,,23-07-20 04:48:20:841,23-07-20 04:48:20:894,SiteToUser,A4CGR6wVDkYAkgCeYJwAAACE,,,,
CBDT,23-07-20 04:48:14:770,23-07-20 04:48:14:839,,,,23-07-20 04:48:20:111,23-07-20 04:48:20:825,AdaptiveAuthenticationService,A4CGR6wVDkYAkgCeYJwAAACE,,,,
,,,,,,23-07-20 04:48:17:099,23-07-20 04:48:17:260,MerchantDetailsApplicationServiceSpiService,A1YJ36wVDkYAkgCeYJsAAACE,,,,
,,,,,,,,,,,,,
,,,,,,,,,,,,,
BILLDESKEM,S2S,,,,,,,,,,,,
,,,,,,,,,,,,,
XTXFT07,23-07-20 04:57:46:575,23-07-20 04:57:47:583,,,,23-07-20 04:57:47:794,23-07-20 04:57:47:823,SMSService,JUhHOKwVDkYBLAD60BAAAAAI,,,,
OTPALTXTXFT06,23-07-20 04:57:41:510,23-07-20 04:57:42:431,,,,23-07-20 04:57:47:633,23-07-20 04:57:47:773,SMSService,JUhHOKwVDkYBLAD60BAAAAAI,,,,
XTXFT07,23-07-20 04:57:38:664,23-07-20 04:57:39:227,,,,23-07-20 04:57:46:857,23-07-20 04:57:47:259,FundTransferTransactionApplicationServiceSpi,JUhHOKwVDkYBLAD60BAAAAAI,,,,
FCMD01,23-07-20 04:57:36:493,23-07-20 04:57:36:906,,,,23-07-20 04:57:42:286,23-07-20 04:57:42:418,SMSService,JPqlXKwVDkYBLAD6z-0AAAAF,,,,
LGNXT,23-07-20 04:57:30:826,23-07-20 04:57:31:660,,,,23-07-20 04:57:39:171,23-07-20 04:57:39:211,SMSService,JM9r1awVDkYBLAD6z-gAAAAI,,,,
VLC01,23-07-20 04:57:29:833,23-07-20 04:57:30:610,,,,23-07-20 04:57:36:637,23-07-20 04:57:36:851,FetchCustomerAndMerchantDetailsApplicationServiceSpiService,JK6Pp6wVDkYBLAD6z8wAAAAI,,,,
EPIPL01,23-07-20 04:57:27:661,23-07-20 04:57:27:955,,,,23-07-20 04:57:31:318,23-07-20 04:57:31:591,PartyApplicationServiceSpi,JFhLFKwVDkYBLAD6z4YAAAAF,,,,
,,,,,,23-07-20 04:57:31:141,23-07-20 04:57:31:256,ValidatePINApplicationServiceSpiService,JFhLFKwVDkYBLAD6z4YAAAAF,,,,
,,,,,,23-07-20 04:57:30:983,23-07-20 04:57:31:112,GetUserReportApplicationServiceSpi,JFhLFKwVDkYBLAD6z4YAAAAF,,,,
,,,,,,23-07-20 04:57:30:523,23-07-20 04:57:30:572,SiteToUser,JEksBKwVDkYBLAD6z4IAAAAE,,,,
,,,,,,23-07-20 04:57:30:056,23-07-20 04:57:30:503,AdaptiveAuthenticationService,JEksBKwVDkYBLAD6z4IAAAAE,,,,
,,,,,,23-07-20 04:57:27:770,23-07-20 04:57:27:937,MerchantDetailsApplicationServiceSpiService,JCf9GawVDkYBLAD6z3sAAAAE,,,,
,,,,,,,,,,,,,
,,,,,,,,,,,,,
NSDL ,nonrsa,,,,,,,,,,,,
,,,,,,,,,,,,,
LGF,13-07-20 04:52:38:414,13-07-20 04:52:38:566,,,,13-07-20 04:52:37:849,13-07-20 04:52:38:224,FundTransferTransactionApplicationServiceSpi,6HZAXKwVDkYBawDUn3cAAAAp,,,,
NSDLFT,13-07-20 04:52:37:742,13-07-20 04:52:38:272,,,,13-07-20 04:52:30:837,13-07-20 04:52:31:103,FetchCustomerAndMerchantDetailsApplicationServiceSpiService,6AsSiqwVDkYBawDUn2sAAAAc,,,,
FCMCBDT01,13-07-20 04:52:30:709,13-07-20 04:52:31:120,,,,13-07-20 04:52:25:685,13-07-20 04:52:25:946,PartyApplicationServiceSpi,57OxP6wVDkYBawDUnzMAAAAc,,,,
LGNXT,13-07-20 04:52:24:979,13-07-20 04:52:26:032,,,,13-07-20 04:52:25:353,13-07-20 04:52:25:561,ValidatePINApplicationServiceSpiService,57OxP6wVDkYBawDUnzMAAAAc,,,,
VLC01,13-07-20 04:52:24:215,13-07-20 04:52:24:886,,,,13-07-20 04:52:25:121,13-07-20 04:52:25:334,GetUserReportApplicationServiceSpi,57OxP6wVDkYBawDUnzMAAAAc,,,,
PLCBDT,13-07-20 04:52:18:624,13-07-20 04:52:19:552,,,,13-07-20 04:52:24:840,13-07-20 04:52:24:865,SiteToUser,56gOcqwVDkYBawDUnzEAAAAn,,,,
CBDT,13-07-20 04:52:16:066,13-07-20 04:52:16:292,,,,13-07-20 04:52:24:400,13-07-20 04:52:24:828,AdaptiveAuthenticationService,56gOcqwVDkYBawDUnzEAAAAn,,,,
,,,,,,13-07-20 04:52:18:686,13-07-20 04:52:19:259,MerchantDetailsApplicationServiceSpiService,51K6gqwVDkYBawDUnt8AAAAr,,,,
,,,,,,,,,,,,,
,,,,,,,,,,,,,
GSTN,nonrsa,,,,,,,,,,,,
,,,,,,,,,,,,,
,,,,,,,,,,,,,
LGF,27-06-20 12:19:28:949,27-06-20 12:19:30:095,,,,27-06-20 12:19:28:689,27-06-20 12:19:28:837,SMSService,OgmYBawVDkYA1gAO-dwAAAAc,,,,
GSTFT,27-06-20 12:19:27:025,27-06-20 12:19:28:566,,,,27-06-20 12:19:28:601,27-06-20 12:19:28:669,SMSService,OgmYBawVDkYA1gAO-dwAAAAc,,,,
FCMGST01,27-06-20 12:19:19:031,27-06-20 12:19:19:904,,,,27-06-20 12:19:27:939,27-06-20 12:19:28:509,UtilityCompanyPaymentApplicationServiceSpiService,OgmYBawVDkYA1gAO-dwAAAAc,,,,
LGNXT,27-06-20 12:19:12:751,27-06-20 12:19:14:751,,,,27-06-20 12:19:19:585,27-06-20 12:19:19:846,FetchCustomerAndMerchantDetailsApplicationServiceSpiService,OY@fXKwVDkYA1gAO-dsAAAAc,,,,
VLC01,27-06-20 12:19:10:655,27-06-20 12:19:12:641,,,,27-06-20 12:19:14:433,27-06-20 12:19:14:678,PartyApplicationServiceSpi,OTAAJawVDkYA1gAO-dQAAAAZ,,,,
PLGSTN,27-06-20 12:18:57:714,27-06-20 12:18:58:509,,,,27-06-20 12:19:13:952,27-06-20 12:19:14:383,ValidatePINApplicationServiceSpiService,OTAAJawVDkYA1gAO-dQAAAAZ,,,,
GSTN,27-06-20 12:18:14:799,27-06-20 12:18:15:396,,,,27-06-20 12:19:13:375,27-06-20 12:19:13:811,GetUserReportApplicationServiceSpi,OTAAJawVDkYA1gAO-dQAAAAZ,,,,
,,,,,,27-06-20 12:19:12:559,27-06-20 12:19:12:608,SiteToUser,OQ-716wVDkYA1gAO-dMAAAAZ,,,,
,,,,,,27-06-20 12:19:11:126,27-06-20 12:19:12:542,AdaptiveAuthenticationService,OQ-716wVDkYA1gAO-dMAAAAZ,,,,
,,,,,,27-06-20 12:18:58:234,27-06-20 12:18:58:448,MerchantDetailsApplicationServiceSpiService,OEqAIqwVDkYA1gAO-c8AAAAd,,,,
,,,,,,,,,,,,,
,,,,,,,,,,,,,
NSDL,RSA,,,,,,,,,,,,
,,,,,,,,,,,,,
LGF,21-07-20 11:10:22:685,21-07-20 11:10:22:850,,,,21-07-20 11:10:22:602,21-07-20 11:10:22:631,SMSService,Dwq71KwVDkYAagAG9EYAAABg,,,,
XTXFTNSDL,21-07-20 11:10:19:936,21-07-20 11:10:22:452,,,,21-07-20 11:10:22:500,21-07-20 11:10:22:555,SMSService,Dwq71KwVDkYAagAG9EYAAABg,,,,
XTXFTNSDL,21-07-20 11:10:08:163,21-07-20 11:10:10:002,,,,21-07-20 11:10:21:897,21-07-20 11:10:22:443,AdaptiveAuthenticationService,Dwq71KwVDkYAagAG9EYAAABg,,,,
FCMCBDT01,21-07-20 11:09:42:895,21-07-20 11:09:43:342,,,,21-07-20 11:10:21:012,21-07-20 11:10:21:873,FundTransferTransactionApplicationServiceSpi,Dwq71KwVDkYAagAG9EYAAABg,,,,
RSALGN,21-07-20 11:09:37:874,21-07-20 11:09:38:772,,,,21-07-20 11:10:20:085,21-07-20 11:10:20:876,AdaptiveAuthenticationService,Dwq71KwVDkYAagAG9EYAAABg,,,,
LGNXT,21-07-20 11:09:36:868,21-07-20 11:09:37:769,,,,21-07-20 11:10:09:158,21-07-20 11:10:09:954,AdaptiveAuthenticationService,DleLp6wVDkYAagAG9D0AAABg,,,,
VLC01,21-07-20 11:09:32:615,21-07-20 11:09:34:147,,,,21-07-20 11:10:08:297,21-07-20 11:10:09:132,AdaptiveAuthenticationService,DleLp6wVDkYAagAG9D0AAABg,,,,
PLCBDT,21-07-20 11:09:24:429,21-07-20 11:09:24:766,,,,21-07-20 11:09:43:041,21-07-20 11:09:43:291,FetchCustomerAndMerchantDetailsApplicationServiceSpiService,DNX6sKwVDkYAagAG8@wAAABP,,,,
CBDT,21-07-20 11:09:22:383,21-07-20 11:09:22:445,,,,21-07-20 11:09:38:019,21-07-20 11:09:38:739,AdaptiveAuthenticationService,DIk5T6wVDkYAagAG89cAAABR,,,,
,,,,,,21-07-20 11:09:37:431,21-07-20 11:09:37:671,PartyApplicationServiceSpi,DHovi6wVDkYAagAG89IAAABR,,,,
,,,,,,21-07-20 11:09:37:236,21-07-20 11:09:37:379,ValidatePINApplicationServiceSpiService,DHovi6wVDkYAagAG89IAAABR,,,,
,,,,,,21-07-20 11:09:37:020,21-07-20 11:09:37:209,GetUserReportApplicationServiceSpi,DHovi6wVDkYAagAG89IAAABR,,,,
,,,,,,21-07-20 11:09:34:055,21-07-20 11:09:34:109,SiteToUser,DDlRZqwVDkYAagAG880AAABP,,,,
,,,,,,21-07-20 11:09:32:837,21-07-20 11:09:34:039,AdaptiveAuthenticationService,DDlRZqwVDkYAagAG880AAABP,,,,
,,,,,,21-07-20 11:09:24:485,21-07-20 11:09:24:697,MerchantDetailsApplicationServiceSpiService,C7xDi6wVDkYAagAG86cAAABR,,,,
,,,,,,,,,,,,,
,,,,,,,,,,,,,
GSTN,RSA,,,,,,,,,,,,
,,,,,,,,,,,,,
,,,,,,,,,,,,,
LGF,15-07-20 06:55:06:456,15-07-20 06:55:06:606,,,,15-07-20 06:55:06:063,15-07-20 06:55:06:198,SMSService,2f7X-KwVDkYA4gAuPdoAAAA0,,,,
XTXFTGST,15-07-20 06:55:03:667,15-07-20 06:55:05:822,,,,15-07-20 06:55:05:901,15-07-20 06:55:06:037,SMSService,2f7X-KwVDkYA4gAuPdoAAAA0,,,,
XTXFTGST,15-07-20 06:54:45:259,15-07-20 06:54:46:551,,,,15-07-20 06:55:05:419,15-07-20 06:55:05:808,AdaptiveAuthenticationService,2f7X-KwVDkYA4gAuPdoAAAA0,,,,
XTXFTGST,15-07-20 06:54:36:897,15-07-20 06:54:38:221,,,,15-07-20 06:55:04:517,15-07-20 06:55:05:372,UtilityCompanyPaymentApplicationServiceSpiService,2f7X-KwVDkYA4gAuPdoAAAA0,,,,
FCMGST01,15-07-20 06:54:31:078,15-07-20 06:54:31:450,,,,15-07-20 06:55:03:822,15-07-20 06:55:04:404,AdaptiveAuthenticationService,2f7X-KwVDkYA4gAuPdoAAAA0,,,,
RSALGN,15-07-20 06:54:25:963,15-07-20 06:54:26:729,,,,15-07-20 06:54:46:033,15-07-20 06:54:46:535,AdaptiveAuthenticationService,2OYDkKwVDkYA4gAuPboAAAA0,,,,
LGNXT,15-07-20 06:54:24:953,15-07-20 06:54:25:816,,,,15-07-20 06:54:45:419,15-07-20 06:54:45:996,AdaptiveAuthenticationService,2OYDkKwVDkYA4gAuPboAAAA0,,,,
VLC01,15-07-20 06:54:16:231,15-07-20 06:54:17:093,,,,15-07-20 06:54:37:659,15-07-20 06:54:38:191,AdaptiveAuthenticationService,2GZ3fKwVDkYA4gAuPbUAAAA0,,,,
PLGSTN,15-07-20 06:54:15:821,15-07-20 06:54:16:079,,,,15-07-20 06:54:37:020,15-07-20 06:54:37:639,AdaptiveAuthenticationService,2GZ3fKwVDkYA4gAuPbUAAAA0,,,,
,,,,,,15-07-20 06:54:31:203,15-07-20 06:54:31:406,FetchCustomerAndMerchantDetailsApplicationServiceSpiService,2A2r3KwVDkYA4gAuPa8AAABF,,,,
,,,,,,15-07-20 06:54:26:114,15-07-20 06:54:26:690,AdaptiveAuthenticationService,17@iXqwVDkYA4gAuPZ0AAAA6,,,,
,,,,,,15-07-20 06:54:25:524,15-07-20 06:54:25:755,PartyApplicationServiceSpi,17Bj2qwVDkYA4gAuPZcAAABK,,,,
,,,,,,15-07-20 06:54:25:281,15-07-20 06:54:25:408,ValidatePINApplicationServiceSpiService,17Bj2qwVDkYA4gAuPZcAAABK,,,,
,,,,,,15-07-20 06:54:25:134,15-07-20 06:54:25:257,GetUserReportApplicationServiceSpi,17Bj2qwVDkYA4gAuPZcAAABK,,,,
,,,,,,15-07-20 06:54:17:015,15-07-20 06:54:17:049,SiteToUser,1ytR9KwVDkYA4gAuPYUAAABF,,,,
,,,,,,15-07-20 06:54:16:601,15-07-20 06:54:17:002,AdaptiveAuthenticationService,1ytR9KwVDkYA4gAuPYUAAABF,,,,
,,,,,,15-07-20 06:54:15:890,15-07-20 06:54:16:058,MerchantDetailsApplicationServiceSpiService,1yTheKwVDkYA4gAuPYQAAABF,,,,
